205,2016-11-11T16:25:07Z,"sha-256:c69c04fff98c59aabd739d43018e87a25fd51a00c37d100721cc68fa9003a720",CZ,CZ,Czechia,"The Czech Republic",Czech,1993-01-01,
204,2016-04-05T13:23:05Z,"sha-256:466d194d5100532edd115e3f0035967b09bc7b7f5fc444166df6f4a5f7cb9127",VA,VA,"Vatican City","Vatican City State","Vatican citizen",,
203,2016-04-05T13:23:05Z,"sha-256:a77f1e11270aab0c5bf315b2e7c268a7aff89713578020e1b4183c6df2b2c0e7",BS,BS,"The Bahamas","The Commonwealth of The Bahamas",Bahamian,,
202,2016-04-05T13:23:05Z,"sha-256:dac66e05ee41707ff9115ed72705eaf8c2e0171285405bea9d859903e8f7ee40",GM,GM,"The Gambia","The Islamic Republic of The Gambia",Gambian,,
200,2016-04-05T13:23:05Z,"sha-256:d42acdfd107649a25563ca1eb9af0e92b034951c63983c431e77400daeefd2c8",ZW,ZW,Zimbabwe,"The Republic of Zimbabwe",Zimbabwean,1980-04-18,
199,2016-04-05T13:23:05Z,"sha-256:4dbf7919be59e1477ef719637d335666f5d54e272f6440abeae3519a45031433",ZM,ZM,Zambia,"The Republic of Zambia",Zambian,,
198,2016-04-05T13:23:05Z,"sha-256:3fce9c67e4581d895712a6ef1e7f3020f34bf80baad04413e25d8677b972b1e4",YE,YE,Yemen,"The Republic of Yemen",Yemeni,1990-05-22,
197,2016-04-05T13:23:05Z,"sha-256:15e0d6355b2e1bc664a719470a3061823b748b83abd54c3acc37eadcecd77511",VN,VN,Vietnam,"The Socialist Republic of Vietnam",Vietnamese,,
196,2016-04-05T13:23:05Z,"sha-256:50649b40f1bb4ae51431aec9be3f57cd2dd4a6f642f3471d3940bb2669292ed8",VE,VE,Venezuela,"The Bolivarian Republic of Venezuela",Venezuelan,,
194,2016-04-05T13:23:05Z,"sha-256:619ad0bf5aa6c8125569d89656e01cb70cf16cc489c048dfbd7de536fe0eeb67",VU,VU,Vanuatu,"The Republic of Vanuatu","Citizen of Vanuatu",1980-07-30,
193,2016-04-05T13:23:05Z,"sha-256:6d37b260df22e583623a29b06f75957661f3baea526964990b8e97beac8a0a35",UZ,UZ,Uzbekistan,"The Republic of Uzbekistan",Uzbek,1991-09-01,
192,2016-04-05T13:23:05Z,"sha-256:bf953faff6c89f0085e220605bbbb8f5ad12d8c53bcc320237b20f554db78eab",UY,UY,Uruguay,"The Oriental Republic of Uruguay",Uruguayan,,
191,2016-04-05T13:23:05Z,"sha-256:0abbabb7b2c3259dc326a23cf21ef2ed1b39b1d70973c64b293ffbeff351a3fe",US,US,"United States","The United States of America","United States citizen",,
190,2016-04-05T13:23:05Z,"sha-256:d46c998e0013d1de0734132b26d99fdd638dccb8de4c4a88451af88579120844",AE,AE,"United Arab Emirates","The United Arab Emirates","Citizen of the United Arab Emirates",,
189,2016-04-05T13:23:05Z,"sha-256:3413d164924f47d3b6b8618a5de30a53b8b8b692bded4f16203090c0808b1e99",UA,UA,Ukraine,Ukraine,Ukrainian,1991-08-24,
188,2016-04-05T13:23:05Z,"sha-256:c799ac9946bed4885c3e57abce00bbc4700ea9a95b1f65c9fdb88533aa64d47b",UG,UG,Uganda,"The Republic of Uganda",Ugandan,,
187,2016-04-05T13:23:05Z,"sha-256:f18ade1035a53da478ad84ca73209128fdecc5b4234bde9e37bdbf5e60670dd7",TV,TV,Tuvalu,Tuvalu,Tuvaluan,1978-10-01,
186,2016-04-05T13:23:05Z,"sha-256:15d6ad4b828394e5db3b24cf15277eed51f6ccbe936d71fd583e071159370e16",TM,TM,Turkmenistan,Turkmenistan,Turkmen,1991-10-27,
185,2016-04-05T13:23:05Z,"sha-256:547035e601ee8d0277fc11ea87fd4cf5e200c7a8d7c1d91591bb718cf410f846",TR,TR,Turkey,"The Republic of Turkey",Turk,,
184,2016-04-05T13:23:05Z,"sha-256:e6980aee1234069dcb6188a681696ddda7c33fb3562d69ea0be0d53f2906abc4",TN,TN,Tunisia,"The Tunisian Republic",Tunisian,,
183,2016-04-05T13:23:05Z,"sha-256:6f630356cbaa6e96ed592b26bb6ba707826fd95e1500875ca4010b1067666221",TT,TT,"Trinidad and Tobago","The Republic of Trinidad and Tobago","Trinidad and Tobago citizen",,
182,2016-04-05T13:23:05Z,"sha-256:60bf05eff5a3902a0a770fb844e25c918e0b016ea92a1d017b9dd8b944a16388",TO,TO,Tonga,"The Kingdom of Tonga",Tongan,,
181,2016-04-05T13:23:05Z,"sha-256:ecadf144a77778b83e5c47718a8e383e0ec9d1e1652b3e1f0825f64611b9dfbf",TG,TG,Togo,"The Togolese Republic",Togolese,,
180,2016-04-05T13:23:05Z,"sha-256:d2573565cb9155bf24ac971c578867c5b10610b7dd558211f9df30244d68216f",TH,TH,Thailand,"The Kingdom of Thailand",Thai,,
179,2016-04-05T13:23:05Z,"sha-256:e8340bff2deab287068524d6fb5feec1003365d25188eed72a8f3738bfa2ec7f",TZ,TZ,Tanzania,"The United Republic of Tanzania",Tanzanian,,
178,2016-04-05T13:23:05Z,"sha-256:03d5a82e573cbaa7b95c71ba5b078f88ffe99b3e4b97952f4fa10e8fe6aeab17",TJ,TJ,Tajikistan,"The Republic of Tajikistan",Tajik,1991-09-09,
177,2016-04-05T13:23:05Z,"sha-256:03b3138d82567cf7c92542df724ce5deb38a9bf3ad65cc59f77023069cf65ef5",SY,SY,Syria,"The Syrian Arab Republic",Syrian,,
176,2016-04-05T13:23:05Z,"sha-256:8aa9b6292caa7ebbe1b5afe12fc2b307ed32e4ab822ba2c01a0ef10f8450baef",CH,CH,Switzerland,"The Swiss Confederation",Swiss,,
175,2016-04-05T13:23:05Z,"sha-256:6a693202d812376dca679fca3d36f108653b8470556f7532177175e68efcc4b5",SE,SE,Sweden,"The Kingdom of Sweden",Swede,,
174,2016-04-05T13:23:05Z,"sha-256:d854e31c09e4487a8e607a141de81d2bc34b1ca9f6d60d505888801ee5fb3510",SZ,SZ,Swaziland,"The Kingdom of Swaziland",Swazi,,
173,2016-04-05T13:23:05Z,"sha-256:54444b35fc2d463178e371aea46ce67f4b08c90e0636b8580c911b34c9f1125a",SR,SR,Suriname,"The Republic of Suriname",Surinamer,1975-11-25,
172,2016-04-05T13:23:05Z,"sha-256:cc524b28c9b6d210c19b8f53a91e8d166c9d2f9ee316b22dc1f27ed35da34564",SD,SD,Sudan,"The Republic of the Sudan",Sudanese,,
171,2016-04-05T13:23:05Z,"sha-256:9a5991d953e2859aa9758f97fc6662ddf2c680e8d23a5e2936cc4957fd853c7b",LK,LK,"Sri Lanka","The Democratic Socialist Republic of Sri Lanka","Citizen of Sri Lanka",,
170,2016-04-05T13:23:05Z,"sha-256:368f4923627e33fe4eef428f747fa0813a64eb43324bfc1aacb16a40dfa64f19",ES,ES,Spain,"The Kingdom of Spain","Spaniard;Spanish citizen",,
169,2016-04-05T13:23:05Z,"sha-256:6524bf4347dd781b121c1e28fb36ced1568614918c7aff5b4d92da890c2ea049",SS,SS,"South Sudan","The Republic of South Sudan","South Sudanese",2011-07-09,
168,2016-04-05T13:23:05Z,"sha-256:0577dbad39a261bf7978fad0ea17bf67858817ecc7047ba7edf1f28ca02b46b4",ZA,ZA,"South Africa","The Republic of South Africa","South African",,
167,2016-04-05T13:23:05Z,"sha-256:c4a7eaf6dc782bcd64e25120d05708ba71e29a7680f5e5a5406b6dae815f5edd",SO,SO,Somalia,"Federal Republic of Somalia",Somali,,
166,2016-04-05T13:23:05Z,"sha-256:5b078885397e7f4983a73cfe84c9adb2e4ae638fbfd214ccb4e53c045f498a82",SB,SB,"Solomon Islands","Solomon Islands","Solomon Islander",1978-07-07,
165,2016-04-05T13:23:05Z,"sha-256:3f3f84598f5715b91d06fa9755e43b52caf7b174e43a3499015cd56dd155d20b",SI,SI,Slovenia,"The Republic of Slovenia",Slovene,1991-06-25,
164,2016-04-05T13:23:05Z,"sha-256:92938c6db920eab9fdc4ccc0cf1ae113cd6d10d9be062b54ddf559e5d8000649",SK,SK,Slovakia,"The Slovak Republic",Slovak,1993-01-01,
163,2016-04-05T13:23:05Z,"sha-256:3c8ee9ea8ba898a678cc10049a17f808a78e0d54af793363ae0201428c91b7d7",SG,SG,Singapore,"The Republic of Singapore",Singaporean,,
162,2016-04-05T13:23:05Z,"sha-256:30a05659fd604b1b3409babfc5d98e683813c34e52c98f4c83dc566747a43a32",SL,SL,"Sierra Leone","The Republic of Sierra Leone","Sierra Leonean",,
161,2016-04-05T13:23:05Z,"sha-256:37a4ad905de5f203642321eda62dee875ad72453ea15a04b55b6e7f7f912dd19",SC,SC,Seychelles,"The Republic of Seychelles","Citizen of Seychelles",1976-06-29,
160,2016-04-05T13:23:05Z,"sha-256:236a801b10320d3c9c4d26bfafd765986f9ae07f1cc12959aa81cf8aed8af243",RS,RS,Serbia,"The Republic of Serbia",Serbian,,
159,2016-04-05T13:23:05Z,"sha-256:69011cfeece3b537c677278239e1953f7a548a452c95452cdd2721fe9f66d658",SN,SN,Senegal,"The Republic of Senegal",Senegalese,,
158,2016-04-05T13:23:05Z,"sha-256:7b2bbc9351ecfa03592952224ec189973c782986a3b6feaf3a6e372c3c94db54",SA,SA,"Saudi Arabia","The Kingdom of Saudi Arabia","Saudi Arabian",,
157,2016-04-05T13:23:05Z,"sha-256:5b140fa3611c6f1faa56fed779af7da604e2ade00f0da116f9e536bc2a7a3c17",ST,ST,"Sao Tome and Principe","The Democratic Republic of Sao Tome and Principe","Citizen of Sao Tome and Principe",1975-07-12,
156,2016-04-05T13:23:05Z,"sha-256:b9dd6114360f8ead867b7bc4b5e8c3c8aba891751510024f2db68c04c0a3a533",SM,SM,"San Marino","The Republic of San Marino","Citizen of San Marino",,
155,2016-04-05T13:23:05Z,"sha-256:bef4df153a794ff36ce8eb113c18360dc754af1a696058999b71376ece692237",WS,WS,Samoa,"The Independent State of Samoa",Samoan,,
154,2016-04-05T13:23:05Z,"sha-256:4f741c4cfd4c81ad76f18601977c145138630219f92dd2570fb0495157a72554",VC,VC,"St Vincent","Saint Vincent and the Grenadines",Vincentian,1979-10-27,
153,2016-04-05T13:23:05Z,"sha-256:80100f293b5b6e949af810887c84ebe7e79dfd030051a2cade595e3312413215",LC,LC,"St Lucia","Saint Lucia","St Lucian",1979-02-22,
152,2016-04-05T13:23:05Z,"sha-256:b1e504729906351725c3129717e8ffdb3d6c3f295d5bfa7e09d1985062fa0752",KN,KN,"St Kitts and Nevis","The Federation of Saint Christopher and Nevis","Citizen of St Christopher (St Kitts) and Nevis",1983-09-19,
151,2016-04-05T13:23:05Z,"sha-256:28f3129e67f9090a61d044bf39411f5689c3eaa4249ea8324e7c56d269daa9b0",RW,RW,Rwanda,"The Republic of Rwanda",Rwandan,,
150,2016-04-05T13:23:05Z,"sha-256:84cca8cb3b2b7862ea6fc1502ec93e46319e2eca1742a3272dd6e02fca5a90bd",RU,RU,Russia,"The Russian Federation",Russian,1991-12-25,
149,2016-04-05T13:23:05Z,"sha-256:63bd38f65b44e0fd32785668ed4cda1b9375b802df08aa23aa5934bcf291df74",RO,RO,Romania,Romania,Romanian,,
148,2016-04-05T13:23:05Z,"sha-256:35759f269063ffedb40d97a1e61d0fba3a70bb005d459633e5da4155dd4ccfbb",QA,QA,Qatar,"The State of Qatar",Qatari,,
147,2016-04-05T13:23:05Z,"sha-256:237f7100bbbdcf670f0b0087a07350cd824007e230795acef6835883a68f9a37",PT,PT,Portugal,"The Portuguese Republic",Portuguese,,
146,2016-04-05T13:23:05Z,"sha-256:ecc388970f6c58a552f3b5c65847867d024d4a984a2e81a3f587cb829807d9c1",PL,PL,Poland,"The Republic of Poland",Pole,,
145,2016-04-05T13:23:05Z,"sha-256:9202549fa85ecc1a72ce62d640a08cd296ab7dff834732decdcbb370b49b9293",PH,PH,Philippines,"The Republic of the Philippines",Filipino;Filipina,,
144,2016-04-05T13:23:05Z,"sha-256:901dcacd3609e3adf154f509e553e2524fcdeaeb20f3871520d52c541ccc9fe3",PE,PE,Peru,"The Republic of Peru",Peruvian,,
143,2016-04-05T13:23:05Z,"sha-256:ce57e3a16ba6645dac61bb4d997f13fbab3de1b0f1d0f592ac510ab94867ec7b",PY,PY,Paraguay,"The Republic of Paraguay",Paraguayan,,
142,2016-04-05T13:23:05Z,"sha-256:e36519b5b0cb4556af87a0705ac7e4f53ab81e733d01e58965148c49f7eab82c",PG,PG,"Papua New Guinea","The Independent State of Papua New Guinea","Papua New Guinean",1975-09-16,
141,2016-04-05T13:23:05Z,"sha-256:4c1aee395ff77743bdd99a036d4573c527674fa4cdf2f085e3aa8cd99f22ce4e",PA,PA,Panama,"The Republic of Panama",Panamanian,,
140,2016-04-05T13:23:05Z,"sha-256:d2078aa1d7670b9b99fca56a88b0e53b5267271ead9aa9dbd95de0440644416b",PW,PW,Palau,"The Republic of Palau",Palauan,1994-10-01,
139,2016-04-05T13:23:05Z,"sha-256:23493ee9ddcd592719cfc04ca769dc3e8b06836d7119583cf2b11bb24fc9e978",PK,PK,Pakistan,"The Islamic Republic of Pakistan",Pakistani,,
138,2016-04-05T13:23:05Z,"sha-256:fd9f928852ad89811c5e1387b030d463b8c35e59421c415b91b614c4cc314892",OM,OM,Oman,"The Sultanate of Oman",Omani,,
137,2016-04-05T13:23:05Z,"sha-256:d5873302cd845c721f0da4d7f44a9502825c1d944ef6dc3057941c889258fbe0",NO,NO,Norway,"The Kingdom of Norway",Norwegian,,
136,2016-04-05T13:23:05Z,"sha-256:790a98d2fb550158819bdbf744f53888f6f4a557f39df9cc814bf16de935c9eb",NG,NG,Nigeria,"The Federal Republic of Nigeria",Nigerian,,
135,2016-04-05T13:23:05Z,"sha-256:77b37f9314a6b1310d59dfed862460f1a43c37213e780eca1c0a51dcbad4b452",NE,NE,Niger,"The Republic of Niger","Citizen of Niger",,
134,2016-04-05T13:23:05Z,"sha-256:74316f67dff7d0bda653f30601824062a4354ad61edc698e99ce02a3aa065ea9",NI,NI,Nicaragua,"The Republic of Nicaragua",Nicaraguan,,
133,2016-04-05T13:23:05Z,"sha-256:a21357c7fbdb8ff03bee42853c97aa0f993cc12e65e55c48f5d5aea85adf70ad",NZ,NZ,"New Zealand","New Zealand","New Zealander",,
132,2016-04-05T13:23:05Z,"sha-256:b12534cbbfa6fc41cec278d4091c2f1c9de96532466e5b74937803bf84e2bd14",NL,NL,Netherlands,"The Kingdom of the Netherlands","Dutch citizen;Dutchman;Dutchwoman",,
131,2016-04-05T13:23:05Z,"sha-256:114291b927f4189d866ecf6c3cddd0fbc908df838e73fd3c36711a5767cf97fd",NP,NP,Nepal,"The Federal Democratic Republic of Nepal",Nepalese,,
130,2016-04-05T13:23:05Z,"sha-256:cd72b9665e571588335a83b4f35daac33796ce0d9b6abe40888b6567685ab36c",NR,NR,Nauru,"The Republic of Nauru",Nauruan,,
129,2016-04-05T13:23:05Z,"sha-256:fe4265028d9164d9c15217a8903d45c41bf4a608584715e2f8897e4e58823b5b",NA,NA,Namibia,"The Republic of Namibia",Namibian,1980-03-21,
128,2016-04-05T13:23:05Z,"sha-256:85f0d2dbe778055ea732d0794269b0d2644ade5abdf38369af812a56aa970a03",MZ,MZ,Mozambique,"The Republic of Mozambique",Mozambican,1975-06-25,
127,2016-04-05T13:23:05Z,"sha-256:3e9d91be962450c1fc5d72f515a74f42a4d2fa9bfd9631df8fa3cac0d1968487",MA,MA,Morocco,"The Kingdom of Morocco",Moroccan,,
126,2016-04-05T13:23:05Z,"sha-256:d98c3da67cfba4c2c227a5d4e3301dcf9c2acfc4db05b2fba0661099e1e6372e",ME,ME,Montenegro,Montenegro,Montenegrin,,
125,2016-04-05T13:23:05Z,"sha-256:67ea12cd877680cd4d0ecd268b89862eba47dac1c5ebe408629d16e4dbf25396",MN,MN,Mongolia,Mongolia,Mongolian,,
124,2016-04-05T13:23:05Z,"sha-256:e341b8f5bbf862b956e81a86ac3e8f86c9ec3c64b9cf4dc048fcc666e09844c1",MC,MC,Monaco,"The Principality of Monaco",Monegasque,,
123,2016-04-05T13:23:05Z,"sha-256:5c01391d74afde44cf4009333d79d031de97625e8709c9ba6c585c6b7d8c1e0d",MD,MD,Moldova,"The Republic of Moldova",Moldovan,1991-08-27,
122,2016-04-05T13:23:05Z,"sha-256:37106c73c01016740d6bf1e85e80824e9f3520c417df843f8f8c5920a07be322",FM,FM,Micronesia,"The Federated States of Micronesia",Micronesian,1986-11-03,
121,2016-04-05T13:23:05Z,"sha-256:90a09c688085a772bd6441423768be6569a1cf9a07fefe781d7dd290586b2e7c",MX,MX,Mexico,"The United Mexican States",Mexican,,
120,2016-04-05T13:23:05Z,"sha-256:63d01b2084c1abdc65c0bed65aef8c06b8c83b973ef88ee646535a0c1438cd22",MU,MU,Mauritius,"The Republic of Mauritius",Mauritian,,
119,2016-04-05T13:23:05Z,"sha-256:f45980872becc3957db957e35eb4e27b9cef3c313e3a94b375f95b3bd6fc72ab",MR,MR,Mauritania,"The Islamic Republic of Mauritania",Mauritanian,,
118,2016-04-05T13:23:05Z,"sha-256:541cd698077a663db8f45277a856fb3643304fcd2304aada085aab73505a9df3",MH,MH,"Marshall Islands","The Republic of the Marshall Islands","Marshall Islander",1986-10-21,
117,2016-04-05T13:23:05Z,"sha-256:441fe1136fa701eb9ed74b5bcaf2ac80058712d0146ea0d04f00f9df8eecf14b",MT,MT,Malta,"The Republic of Malta",Maltese,,
116,2016-04-05T13:23:05Z,"sha-256:1502d9c3dd5d74d59f2d5d0f22c0a6b671c4e056041e20ca85b88fe4c937c75e",ML,ML,Mali,"The Republic of Mali",Malian,,
115,2016-04-05T13:23:05Z,"sha-256:f2a77c13d773efac02a5d06864b2bcf73bb310aa54819b6f000f3cf785042da3",MV,MV,Maldives,"The Republic of Maldives",Maldivian,,
114,2016-04-05T13:23:05Z,"sha-256:60e19a7cdbf3ab988827f7e9acacd3e2332f20ab884f9b131cdf43f6f5ea9c79",MY,MY,Malaysia,Malaysia,"Citizen of Malaysia",,
113,2016-04-05T13:23:05Z,"sha-256:f920008062bcbdf4b131fda83452a53306458a79376678aa3f6f79dd82e0cce9",MW,MW,Malawi,"The Republic of Malawi",Malawian,,
112,2016-04-05T13:23:05Z,"sha-256:22e2594c9b5845e2be21e27c0681132f0fbf7c38107c6da6d159f5b4626788c8",MG,MG,Madagascar,"The Republic of Madagascar","Citizen of Madagascar",,
111,2016-04-05T13:23:05Z,"sha-256:af8130b639bb8a675234c313dd763781a7da4e13b7529583d3a3a26c9f580fa7",MK,MK,Macedonia,"The Republic of Macedonia",Macedonian,1991-09-08,
110,2016-04-05T13:23:05Z,"sha-256:b00a1d254e6d187190abe43c8d87c76189d3e18a1c64ea88e365bfe75fe5508a",LU,LU,Luxembourg,"The Grand Duchy of Luxembourg",Luxembourger,,
109,2016-04-05T13:23:05Z,"sha-256:a9a56275429799939c8f38a189f203646efff235f1aa58510896a6d576b17742",LT,LT,Lithuania,"The Republic of Lithuania",Lithuanian,1990-03-11,
108,2016-04-05T13:23:05Z,"sha-256:065f76e9e547c6d8e915314a1b78337514fec0c264b555689e78ffd47acd9fec",LI,LI,Liechtenstein,"The Principality of Liechtenstein","Liechtenstein citizen",,
107,2016-04-05T13:23:05Z,"sha-256:c1d32fcf8ee4a7f18c5765fddf3a6054ff003824f4e9b4882e43370f88811097",LY,LY,Libya,Libya,Libyan,,
106,2016-04-05T13:23:05Z,"sha-256:bf65db91e00af3ab318e594047a245ea34402493847ddde2a141ddbb6d1d3445",LR,LR,Liberia,"The Republic of Liberia",Liberian,,
105,2016-04-05T13:23:05Z,"sha-256:7c0ff61a59fd3997ba2c9fb12565cf00d75ba8eccdf863aa76f092a244f9e2c7",LS,LS,Lesotho,"The Kingdom of Lesotho","Citizen of Lesotho",,
104,2016-04-05T13:23:05Z,"sha-256:d411b3c908d55f6f80daa30ad693c1ebe9f08dd5530365b0f62389b1a13cac94",LB,LB,Lebanon,"The Lebanese Republic",Lebanese,,
103,2016-04-05T13:23:05Z,"sha-256:c1de7c598cc2b326018a66b006ad5db9a663ce012d897c223b25db36ca8382d1",LV,LV,Latvia,"The Republic of Latvia",Latvian,1990-05-04,
102,2016-04-05T13:23:05Z,"sha-256:490636974f8087e4518d222eba08851dd3e2b85095f2b1427ff6ecd3fa482435",LA,LA,Laos,"The Lao People's Democratic Republic",Lao,,
101,2016-04-05T13:23:05Z,"sha-256:8b748c574bf975990e47e69df040b47126d2a0a3895b31dce73988fba2ba27d8",KG,KG,Kyrgyzstan,"The Kyrgyz Republic",Kyrgyz,1991-08-31,
100,2016-04-05T13:23:05Z,"sha-256:eb3ee00e6149cd734a7fa7e1f01a5fbf5fb50e1b38a065fd97d6ad3017750351",KW,KW,Kuwait,"The State of Kuwait",Kuwaiti,,
99,2016-04-05T13:23:05Z,"sha-256:fb6dbf64942d56e0f9706693334fabb8fd4cfacaf796ee01522146e0d608ff54",XK,XK,Kosovo,"The Republic of Kosovo",Kosovan,,
98,2016-04-05T13:23:05Z,"sha-256:cfcb269265bf8cae36bca46d6681f7134b168b2aeceef4131809594b0e6ecde8",KR,KR,"South Korea","The Republic of Korea","South Korean",,
97,2016-04-05T13:23:05Z,"sha-256:417078064cda8a732469ca7c3908e4a3bb8be7e5b262b7304c7aa050661164c0",KP,KP,"North Korea","The Democratic People's Republic of Korea","Citizen of the Democratic People's Republic of Korea;Citizen of the DPRK",,
96,2016-04-05T13:23:05Z,"sha-256:69eeacbe31eb280ee93fee5b3e701a58f3f31c3180d887932b7fdb07e6b8f319",KI,KI,Kiribati,"The Republic of Kiribati","Citizen of Kiribati",1979-07-12,
95,2016-04-05T13:23:05Z,"sha-256:a47f121bcb7e4c7279e8d566ef62ef21802962f68fc87cdde9cb3e054d96ca6f",KE,KE,Kenya,"The Republic of Kenya",Kenyan,,
94,2016-04-05T13:23:05Z,"sha-256:5cdae4a0d6da81a7615d20f1ece6a6bc8ab50bfe7b010b08bd484c7470945d45",KZ,KZ,Kazakhstan,"The Republic of Kazakhstan",Kazakh,1991-12-16,
93,2016-04-05T13:23:05Z,"sha-256:6bff7775498dfa882f1911170fe467f8f64619dd1cab41e1b31947719a762574",JO,JO,Jordan,"The Hashemite Kingdom of Jordan",Jordanian,,
92,2016-04-05T13:23:05Z,"sha-256:3a38ed71e5de0c0ff8c973f22b3965308b6567096d0952c476f1a1484e4bf62a",JP,JP,Japan,Japan,Japanese,,
91,2016-04-05T13:23:05Z,"sha-256:13e5cb274e904817afada4563a56509461535c8aff15502a0b7efad226357fc5",JM,JM,Jamaica,Jamaica,Jamaican,,
90,2016-04-05T13:23:05Z,"sha-256:7c16257bd45b4716914010b39dd40e5a6b985b8928d7b8bb0fe3005d2f2b0fec",CI,CI,"Ivory Coast","The Republic of Cote D'Ivoire","Citizen of the Ivory Coast",,
89,2016-04-05T13:23:05Z,"sha-256:fb70bc281d1b2a73880c2e0d86f8253db0a1397ddca6258e9253921264ca34bc",IT,IT,Italy,"The Italian Republic",Italian,,
88,2016-04-05T13:23:05Z,"sha-256:03fd1378efb674662cc302e068078de72e6fd74489ffba19d8f474b6e6c1bd3c",IL,IL,Israel,"The State of Israel",Israeli,,
87,2016-04-05T13:23:05Z,"sha-256:aecb4ee6a7a4e49d1f968f02a11550dc8117382b2064dff7c0454c66d44e86f6",IE,IE,Ireland,Ireland,"Citizen of Ireland;Irish citizen",,
86,2016-04-05T13:23:05Z,"sha-256:4a92f2fe43dcb63ab3b66e3f4f9ce328bbc61f020ee0ecece4e3da40172cabe0",IQ,IQ,Iraq,"The Republic of Iraq",Iraqi,,
85,2016-04-05T13:23:05Z,"sha-256:ecd8f9738381675d76ed85a3df8afa7e07f7fdcaba372890aa4aa159cd6ceca2",IR,IR,Iran,"The Islamic Republic of Iran",Iranian,,
84,2016-04-05T13:23:05Z,"sha-256:9879968660823c6f5566ca91cac4f161b2e94e8f9497958ddd044d66abb844af",ID,ID,Indonesia,"The Republic of Indonesia",Indonesian,,
83,2016-04-05T13:23:05Z,"sha-256:ee78f485f8ad1a169745366da4057c8fc0102e9461b5c1f0d12e1e381387217e",IN,IN,India,"The Republic of India",Indian,,
82,2016-04-05T13:23:05Z,"sha-256:8600cf69794d9854f8dcd7e51fbcdf8f31678fba12f1c8185fb61211be0628e9",IS,IS,Iceland,"The Republic of Iceland",Icelander,,
81,2016-04-05T13:23:05Z,"sha-256:c413c7c33f93db2ced0a16a23ee7ace9525b74d5e2f3f31ef38b820c6e4a33c1",HU,HU,Hungary,Hungary,Hungarian,,
80,2016-04-05T13:23:05Z,"sha-256:1b1c87ceaa3a398aad831d17747ba9ad6c6dbe2146f4b3c15d48af8a8ae45946",HN,HN,Honduras,"The Republic of Honduras",Honduran,,
79,2016-04-05T13:23:05Z,"sha-256:f9e92c07726ac713f603f9c8ccd97750977c82b57f970f4fe42cc42d8f35df6a",HT,HT,Haiti,"The Republic of Haiti",Haitian,,
78,2016-04-05T13:23:05Z,"sha-256:36ee7af0d204735abf3d6bebbf2e80fb930bd5db34f4c9471d1f3c231e133157",GY,GY,Guyana,"The Co-operative Republic of Guyana",Guyanese,,
77,2016-04-05T13:23:05Z,"sha-256:d0e833cb483fe5bcbbd2484794326fd201b2dc83c9b48c3496aff56478abf57c",GW,GW,Guinea-Bissau,"The Republic of Guinea-Bissau","Citizen of Guinea-Bissau",,
76,2016-04-05T13:23:05Z,"sha-256:21eccd06c2c2d23e3f3cfdd3be61ab6cfa08b15d4a0a7188ea4bb25c28935869",GN,GN,Guinea,"The Republic of Guinea",Guinean,,
75,2016-04-05T13:23:05Z,"sha-256:6b9bbb2d3409c1f2751ae36c22e84c1e954fdc2a1b2cb6ecf2635260048a3167",GT,GT,Guatemala,"The Republic of Guatemala",Guatemalan,,
74,2016-04-05T13:23:05Z,"sha-256:23ee932e81d9be1b7bc52be0644f810a5c526591df791d64e3b1464bc2404729",GD,GD,Grenada,Grenada,Grenadian,1974-02-07,
73,2016-04-05T13:23:05Z,"sha-256:85bf72046e8b6935b2aee45ef4a13a170bb819956c10de92277611dfd196e202",GR,GR,Greece,"The Hellenic Republic",Greek,,
72,2016-04-05T13:23:05Z,"sha-256:dc1d12943ea264de937468b254286e5ebd8acd316e21bf667076ebdb8c111bd1",GH,GH,Ghana,"The Republic of Ghana",Ghanaian,,
71,2016-04-05T13:23:05Z,"sha-256:747dbb718cb9f9799852e7bf698c499e6b83fb1a46ec06dbd6087f35c1e955cc",DE,DE,Germany,"The Federal Republic of Germany",German,1990-10-03,
70,2016-04-05T13:23:05Z,"sha-256:e057a6d45ba312f55cdd31d8fcad5a79f344d0d8833a34c416a5859f67c30e5c",GE,GE,Georgia,Georgia,Georgian,1991-04-09,
68,2016-04-05T13:23:05Z,"sha-256:1f133cb20145534e818734028da0d9fcd823f1ee199b2ffeb7f277c0db25e2a0",GA,GA,Gabon,"The Gabonese Republic",Gabonese,,
67,2016-04-05T13:23:05Z,"sha-256:e583abf7519bb6c92bbdf9ca90d2891add60a4b34b665ed83a86650a98b54c1c",FR,FR,France,"The French Republic","French citizen;Frenchman;Frenchwoman",,
66,2016-04-05T13:23:05Z,"sha-256:df2c57df1a3fce1cdd2b55918e74dcd2cc7e11eec07a619b07fc0a90269450ee",FI,FI,Finland,"The Republic of Finland",Finn,,
65,2016-04-05T13:23:05Z,"sha-256:dfd316190c8a79880bde587da94d3f0b8eeeb752626a0a64697f2288f1ee4e1f",FJ,FJ,Fiji,"The Republic of Fiji","Citizen of Fiji",,
64,2016-04-05T13:23:05Z,"sha-256:a1940769be9793c6904cd01dc9297f61aa3f49b99007bff734c30269e90b7046",ET,ET,Ethiopia,"The Federal Democratic Republic of Ethiopia",Ethiopian,,
63,2016-04-05T13:23:05Z,"sha-256:73c5327e464414b8a6a87cbe3f736c7a001452abe87bb6d3ec8d4f221a4d25c6",EE,EE,Estonia,"The Republic of Estonia",Estonian,1991-08-20,
62,2016-04-05T13:23:05Z,"sha-256:0d62a0cca252b73a826e1db642cdde4a89adf8747c3ecf79e5a34cd1bb94792a",ER,ER,Eritrea,"The State of Eritrea",Eritrean,1993-05-24,
61,2016-04-05T13:23:05Z,"sha-256:d8f801a489b33a26c7457f9ad9eb49f6a3973f6be2fbfe3bbb6b13e3c7a0b813",GQ,GQ,"Equatorial Guinea","The Republic of Equatorial Guinea","Equatorial Guinean",,
60,2016-04-05T13:23:05Z,"sha-256:e1e6dd1783266b91deaee0adf59b32945466e5b57eb1abe18bbab91c35f562f0",SV,SV,"El Salvador","The Republic of El Salvador",Salvadorean,,
59,2016-04-05T13:23:05Z,"sha-256:be5f4584e3ee1422646a1bd179fc8ea7936a728f0a88d3becc52b83d3fa5c209",EG,EG,Egypt,"The Arab Republic of Egypt",Egyptian,,
58,2016-04-05T13:23:05Z,"sha-256:80442f4556dbf969424a566ecacf075dc09e5c8a3807d252a12c89f4dbb4769b",EC,EC,Ecuador,"The Republic of Ecuador",Ecuadorean,,
57,2016-04-05T13:23:05Z,"sha-256:faba1d16a599882f6c50f588bd87321e3629c2a87d974579efb65fb84355eed0",TL,TL,"East Timor","The Democratic Republic of Timor-Leste","East Timorese",,
56,2016-04-05T13:23:05Z,"sha-256:a40b482e8e2966406769b5fdd5389da40454209c9d6a7dfcd18ecbea154f3412",DO,DO,"Dominican Republic","The Dominican Republic","Citizen of the Dominican Republic",,
55,2016-04-05T13:23:05Z,"sha-256:ca92ee5217741a2ca6051d25367975dd934854f81dfa6e28dc91f6ec1bfabab4",DM,DM,Dominica,"The Commonwealth of Dominica",Dominican,1978-11-03,
54,2016-04-05T13:23:05Z,"sha-256:fbf149fca3315b50710077b017cdf3b569cc41f2a75e787b9dfb4ac48e0f31cf",DJ,DJ,Djibouti,"The Republic of Djibouti",Djiboutian,1977-06-27,
53,2016-04-05T13:23:05Z,"sha-256:e1b54fbe5885d14069c125cb39ee489389e3028fd69b9b0e419f2ec688aad882",DK,DK,Denmark,"The Kingdom of Denmark",Dane,,
51,2016-04-05T13:23:05Z,"sha-256:c0b0738976093ce8711163068796c29deec46412c056ec948697be35bd1c30f1",CY,CY,Cyprus,"The Republic of Cyprus",Cypriot,,
50,2016-04-05T13:23:05Z,"sha-256:0e05f13f484f53fbafc58b7d935a8640ebecbac26b1962dcd7ef05f8d8fc995a",CU,CU,Cuba,"The Republic of Cuba",Cuban,,
49,2016-04-05T13:23:05Z,"sha-256:208e2540acd0d6209a6ab88e9b554cfbed2a226580f0d4d452a13389f79fc9f7",HR,HR,Croatia,"The Republic of Croatia",Croatian,1991-06-25,
48,2016-04-05T13:23:05Z,"sha-256:9f1322807b4dad6d120eeacacd812b90b9ab3f41feab39be45fcc1725d2c94b9",CR,CR,"Costa Rica","The Republic of Costa Rica","Costa Rican",,
47,2016-04-05T13:23:05Z,"sha-256:dea4971f37c8b1d20556b05824cf39e60389c9778cabe6a81ff5af762596427d",CD,CD,"Congo (Democratic Republic)","The Democratic Republic of the Congo","Citizen of The Democratic Republic of the Congo",,
46,2016-04-05T13:23:05Z,"sha-256:9122cdf8b3e283e6d3d2240558ef6ef2e57cb8617b4624e3bcb6b9ca65e2886f",CG,CG,Congo,"The Republic of the Congo","Citizen of the Republic of the Congo",,
45,2016-04-05T13:23:05Z,"sha-256:7d7c106548431f31218df1535a93a35ea3b3f22d2bf9318d674c927ccef8fe9a",KM,KM,Comoros,"The Union of the Comoros",Comoran,1975-07-06,
44,2016-04-05T13:23:05Z,"sha-256:c8b0ab444b62407caf3d5ae2eb99eb42e25cb9b4487c978dbdb49edb939e45c5",CO,CO,Colombia,"The Republic of Colombia",Colombian,,
43,2016-04-05T13:23:05Z,"sha-256:bc808ed6f3eb9aba16a4624de0f3e03404d3c35421382bf529dd9a503f341856",CN,CN,China,"The People's Republic of China",Chinese,,
42,2016-04-05T13:23:05Z,"sha-256:20876a6e92af5c05fe7a11ee0111b1cf04ff5c158abe1f7334755a766a71c180",CL,CL,Chile,"The Republic of Chile",Chilean,,
41,2016-04-05T13:23:05Z,"sha-256:d9289603bc37049b30cc8b169a59780d93ac9bf4b838d5c4bf3ffb6d4b14354e",TD,TD,Chad,"The Republic of Chad",Chadian,,
40,2016-04-05T13:23:05Z,"sha-256:17d940731b9abb32f195f1c8d4e2fb2172777fa1ae3074f8f7277c3982036f63",CF,CF,"Central African Republic","The Central African Republic","Citizen of the Central African Republic",,
39,2016-04-05T13:23:05Z,"sha-256:afe914d82eafd2a8c92d51be7b9900b6602caf51941cdfd0c4b5197f9682a4f5",CV,CV,"Cape Verde","The Republic of Cabo Verde","Cape Verdean",1975-07-05,
38,2016-04-05T13:23:05Z,"sha-256:27c8a0f5af23762e30b11ce5f743abfb443a5c74e5d7c9050e32411a96e6b905",CA,CA,Canada,Canada,Canadian,,
37,2016-04-05T13:23:05Z,"sha-256:2de017cea16f6444dcf5e63459385db222c9211a0353ee62da56d1771339842f",CM,CM,Cameroon,"The Republic of Cameroon",Cameroonian,,
36,2016-04-05T13:23:05Z,"sha-256:ce4f468616501c8067649db804e60cb2f177f5d1ab72b371fcd3d8498df7adcb",KH,KH,Cambodia,"The Kingdom of Cambodia",Cambodian,,
35,2016-04-05T13:23:05Z,"sha-256:50f7e2bf23b157a5d89ff0139fa453bd98bcfd2331dd98806ce52ef6d33b5a5c",BI,BI,Burundi,"The Republic of Burundi","Citizen of Burundi",,
34,2016-04-05T13:23:05Z,"sha-256:d826a3c8c191b08c3da4c7b61e9e8fc1dcb2d6501211df4814d9075f6b865164",MM,MM,Burma,"The Republic of the Union of Myanmar",Burmese,,
33,2016-04-05T13:23:05Z,"sha-256:91af7bcc47b161b8948f743c265479234dfae4924f3211a72bcbde4250832bd9",BF,BF,"Burkina Faso","Burkina Faso",Burkinabe;Burkinan,,
32,2016-04-05T13:23:05Z,"sha-256:56f710e5a8d7eb6fffbeb819cfa901ae9af121b2f64bd6b91534bb7d09954e9f",BG,BG,Bulgaria,"The Republic of Bulgaria",Bulgarian,,
31,2016-04-05T13:23:05Z,"sha-256:86f3445909c019ec4635ea638a6c949c354dd027855f4929da775727c46cbf72",BN,BN,Brunei,"Brunei Darussalam","Citizen of Brunei",1984-01-01,
30,2016-04-05T13:23:05Z,"sha-256:5ad9666bf6362ff05bcff93c49138fa1010f9093139ad916deabc665e3c5001f",BR,BR,Brazil,"The Federative Republic of Brazil",Brazilian,,
29,2016-04-05T13:23:05Z,"sha-256:608cd602c89522050e8235d2b145ddd1d1817c6c442bb6fec095ef292b8997d1",BW,BW,Botswana,"The Republic of Botswana","Citizen of Botswana",,
28,2016-04-05T13:23:05Z,"sha-256:fa02a4104dd3181cae2ef62397268f1d95d37150a15009ba61b54f84d61fb4b0",BA,BA,"Bosnia and Herzegovina","Bosnia and Herzegovina","Citizen of Bosnia and Herzegovina",1992-03-03,
27,2016-04-05T13:23:05Z,"sha-256:058d5947158d724aac39bd3e069be83fb21856deb4e00ef1734c080169ff916d",BO,BO,Bolivia,"The Plurinational State of Bolivia",Bolivian,,
26,2016-04-05T13:23:05Z,"sha-256:51e5fef041cffbcb6cc6bbcaf292ada263d09b1c4e533cf96da8b1c0d24b1500",BT,BT,Bhutan,"The Kingdom of Bhutan",Bhutanese,,
25,2016-04-05T13:23:05Z,"sha-256:1fa352d281dc7cce463a125454d841e5b6cd5bf0a3f57b4d59c6e48298e105fc",BJ,BJ,Benin,"The Republic of Benin",Beninese,,
24,2016-04-05T13:23:05Z,"sha-256:c63e4432bd5967cc660b740ef0e371372f1734db62f464b46a05070b9e97559b",BZ,BZ,Belize,Belize,"Citizen of Belize",1981-09-21,
23,2016-04-05T13:23:05Z,"sha-256:1924e51549dbc45de01cfb444b1ace3f20893fff184bdc9426eb0fdec1192bf6",BE,BE,Belgium,"The Kingdom of Belgium",Belgian,,
22,2016-04-05T13:23:05Z,"sha-256:4a84d2e46ab352b337f84e92dc593332fc6bfa994de698acb37adfd0113813c0",BY,BY,Belarus,"The Republic of Belarus",Belarusian,1991-08-25,
21,2016-04-05T13:23:05Z,"sha-256:15203db1a0b4ea2685cda93fb8ca9a1adcdd41a63f8eef03365eba5332a2c3e3",BB,BB,Barbados,Barbados,Barbadian,,
20,2016-04-05T13:23:05Z,"sha-256:abad68e29c01ae14b24e828fa5b99bad6565800cd9591bf5cf32679013e726a8",BD,BD,Bangladesh,"The People's Republic of Bangladesh",Bangladeshi,,
19,2016-04-05T13:23:05Z,"sha-256:dd4dd8658072865671172333a641e6d37e1d477baa3bf23e7a6b52328a6162c1",BH,BH,Bahrain,"The Kingdom of Bahrain",Bahraini,,
17,2016-04-05T13:23:05Z,"sha-256:be1bdd0de400a14cbd3142ab1c5ce4e06bb4deddeb13bffd4890058f04de651f",AZ,AZ,Azerbaijan,"The Republic of Azerbaijan",Azerbaijani,1991-08-30,
16,2016-04-05T13:23:05Z,"sha-256:77e8694806852b806d9be797cbcb068ca4a2d7c9ed499daf8341d614686de624",AT,AT,Austria,"The Republic of Austria",Austrian,,
15,2016-04-05T13:23:05Z,"sha-256:a5917aaa595c7dcbade7138d92fc249848df6a9c2efc282e28fb540b3dc3d0bb",AU,AU,Australia,"The Commonwealth of Australia",Australian,,
14,2016-04-05T13:23:05Z,"sha-256:47b2db84d1a0e3abc6bca332a3c40253f84225f181b37a312b0d3c14b32727d1",AM,AM,Armenia,"The Republic of Armenia",Armenian,1991-09-21,
13,2016-04-05T13:23:05Z,"sha-256:ca880f33b29256578d0be532579837f08a7bdaf1b968adf6e63708ec2d782a53",AR,AR,Argentina,"The Argentine Republic",Argentine;Argentinian,,
12,2016-04-05T13:23:05Z,"sha-256:d97b6f4b277e0af0d61456c75106a38cecace2f362d1bfa29e704a63c84e4328",AG,AG,"Antigua and Barbuda","Antigua and Barbuda","Citizen of Antigua and Barbuda",1981-11-01,
11,2016-04-05T13:23:05Z,"sha-256:c66f7a4f655d41425d2aba07bc6204c1d764c3fd8cfba9b3f8ed25baae244427",AO,AO,Angola,"The Republic of Angola",Angolan,1975-11-11,
10,2016-04-05T13:23:05Z,"sha-256:14fcb5099f0eff4c40d5a85b0e3c2f1a04337dc69dace1fc5c64ec9758a19b13",AD,AD,Andorra,"The Principality of Andorra",Andorran,,
9,2016-04-05T13:23:05Z,"sha-256:3548cdf528e450626113d44cdd4ac3a19ff992313fe814899c3198d4e0baeff9",DZ,DZ,Algeria,"The People's Democratic Republic of Algeria",Algerian,,
8,2016-04-05T13:23:05Z,"sha-256:9d04a7e04ac92ab809a7471e7142617bc30a4b2d2f30c1002520a4a1d216f2a5",AL,AL,Albania,"The Republic of Albania",Albanian,,
7,2016-04-05T13:23:05Z,"sha-256:6bf7f01f268fa6d18e53eb7d5ebadb41c25c4aa2eedecfb7bc863e233ec99e24",AF,AF,Afghanistan,"The Islamic Republic of Afghanistan",Afghan,,
6,2016-04-05T13:23:05Z,"sha-256:6b18693874513ba13da54d61aafa7cad0c8f5573f3431d6f1c04b07ddb27d6bb",GB,GB,"United Kingdom","The United Kingdom of Great Britain and Northern Ireland","Briton;British citizen",,
5,2016-04-05T13:23:05Z,"sha-256:0031f311f87260b07f4c7b25748cfdd8c2d2efa3c15fc98c33dd8563fafb6476",CS,CS,Czechoslovakia,"Czechoslovak Republic",Czechoslovak,,1992-12-31
4,2016-04-05T13:23:05Z,"sha-256:a074752a77011b18447401652029a9129c53b4ee35e1d99e6dec8b42ff4a0103",YU,YU,Yugoslavia,"Socialist Federal Republic of Yugoslavia",Yugoslavian,,1992-04-28
3,2016-04-05T13:23:05Z,"sha-256:e1357671d0da24668952373d0cdf9f7659a1b155e45c8fb3c2f24331e46edc26",DD,DD,"East Germany","Germany Democratic Republic","East German",,1990-10-02
1,2016-04-05T13:23:05Z,"sha-256:e94c4a9ab00d951dadde848ee2c9fe51628b22ff2e0a88bff4cca6e4e6086d7a",SU,SU,USSR,"Union of Soviet Socialist Republics","Soviet citizen",,1991-12-25
